name,points_loaded,points_inside_map,inside_map_percent,mean_wall_distance_m,median_wall_distance_m,p90_wall_distance_m,p95_wall_distance_m,max_wall_distance_m,within_0.10m_percent,within_0.20m_percent,within_0.30m_percent,within_0.50m_percent
sift,82453,82379,99.91025190108303,0.48472687425223115,0.4000000059604645,0.75,0.929534912109375,17.424470901489258,8.337076196603503,19.389650274948714,31.58693356316537,68.51382026972892
lightglue,28317,28317,100.0,0.4862458780759162,0.38984498381614685,0.9000000357627869,1.339379906654358,5.855194091796875,9.60906875728361,21.58067591905922,33.5875975562383,65.3035279160928
