{
  "axis_name": "xz",
  "axis_ids": [
    0,
    2
  ],
  "scale": 0.576583912181145,
  "rotation": [
    [
      0.3771173509293426,
      -0.9261654839325613
    ],
    [
      0.9261654839325612,
      0.3771173509293426
    ]
  ],
  "translation": [
    1.5512996893850077,
    0.9864493685395052
  ]
}
