{
  "axis_name": "xz",
  "axis_ids": [
    0,
    2
  ],
  "scale": 0.5738201115512684,
  "rotation": [
    [
      0.09542348814279164,
      -0.9954367674094937
    ],
    [
      0.9954367674094939,
      0.09542348814279165
    ]
  ],
  "translation": [
    1.564768475008117,
    1.033955209967483
  ]
}
